E-mail,"First name",Surname,Role,Region,Hashpass,Country,City,MobileNum,Age,Sector
chrissy7117@gbg.gb,Chrussy,Chittick,7,1,2fa5ba69e7b41f5c15c4efe4834ff06750d371f5a478a0d922a20458,USA,NULL,NULL,28,"Social Enterprise"
cruz.julia@yahoo.com,Julia,Cruz,1,3,9612091c8f4dc9935b330005f3978095b774f0406dd1ebd6195fc823,Spain,NULL,NULL,20,Fashion
francesca.roberts@gmail.com,Francesca,Roberts,7,6,ac8b4557224a988366f4ee0b7cbc6e5302ca4608e5213b04e5f61f65,NULL,NULL,NULL,19,IT
griffin.homer@gmail.com,"Homer ",Griffin,1,1,2a209e29840972879da757f0b7f886cff5a8cb67b70669a5f1da4021,USA,NULL,,NULL,Marketing
hgarcia@jp.br,Huan,Garcia,4,3,9bbda1f8263740c9987feb3cbc0685502395bb03b449048f7e17ea90,Portugal,Lisabon,088773737364,22,Consulting
lola.martinez@espan.es,Lola,Martinez,2,6,3e94af9421e2de6cad51b31bf98e93173a8c313cdc7c6acb9c713810,NULL,NULL,NULL,NULL,Arts
paul.franklin@c4g.com,Paul,Franklin,3,15,fa353cc826ad673d5bc0f966822760d07feeca3065cc97893de069c2,Australia,Sydney,NULL,39,Agriculture
perezh@abv.bg,"Huanitta ",Perez,6,6,5bb1afb189f3c7b87002c41e55ce8f8cbe75cbb4e1dd8d13c1bcc1cd,NULL,NULL,NULL,NULL,IT
peter.poter@gmail.com,Peter,Poter,3,2,83741f3746805ca956334dfb2e8586d08c9a3366dc85e327dc1e82da,USA,NULL,NULL,33,"Travel & Tourism "
simson.john@yahoo.com,John,Simson,5,2,37b9afb468e8156d77ed2eec7e52b41587a0dd34d43ca1c2992716bf,USA,,NULL,23,Retail
